cd_acao_rdz;nm_empresa;setor_economico;subsetor;segmento;cd_acao_agrup;tx_cnpj;vl_cnpj
CSAN;COSAN;PETRÓLEO, GÁS E BIOCOMBUSTÍVEIS;PETRÓLEO, GÁS E BIOCOMBUSTÍVEIS;EXPLORAÇÃO, REFINO E DISTRIBUIÇÃO;CSAN3;50.746.577/0001-15;5,07466E+13
DMMO;DOMMO;PETRÓLEO, GÁS E BIOCOMBUSTÍVEIS;PETRÓLEO, GÁS E BIOCOMBUSTÍVEIS;EXPLORAÇÃO, REFINO E DISTRIBUIÇÃO;DMMO11, DMMO3;08.926.302/0001-05;8,9263E+12
ENAT;ENAUTA PART;PETRÓLEO, GÁS E BIOCOMBUSTÍVEIS;PETRÓLEO, GÁS E BIOCOMBUSTÍVEIS;EXPLORAÇÃO, REFINO E DISTRIBUIÇÃO;ENAT3;11.669.021/0001-10;1,1669E+13
RPMG;PET MANGUINH;PETRÓLEO, GÁS E BIOCOMBUSTÍVEIS;PETRÓLEO, GÁS E BIOCOMBUSTÍVEIS;EXPLORAÇÃO, REFINO E DISTRIBUIÇÃO;RPMG3;33.412.081/0001-96;3,34121E+13
PETR;PETROBRAS;PETRÓLEO, GÁS E BIOCOMBUSTÍVEIS;PETRÓLEO, GÁS E BIOCOMBUSTÍVEIS;EXPLORAÇÃO, REFINO E DISTRIBUIÇÃO;PETR4, PETR3;33.000.167/0001-01;3,30002E+13
BRDT;PETROBRAS BR;PETRÓLEO, GÁS E BIOCOMBUSTÍVEIS;PETRÓLEO, GÁS E BIOCOMBUSTÍVEIS;EXPLORAÇÃO, REFINO E DISTRIBUIÇÃO;BRDT3;34.274.233/0001-02;3,42742E+13
PRIO;PETRORIO;PETRÓLEO, GÁS E BIOCOMBUSTÍVEIS;PETRÓLEO, GÁS E BIOCOMBUSTÍVEIS;EXPLORAÇÃO, REFINO E DISTRIBUIÇÃO;PRIO3;10.629.105/0001-68;1,06291E+13
UGPA;ULTRAPAR;PETRÓLEO, GÁS E BIOCOMBUSTÍVEIS;PETRÓLEO, GÁS E BIOCOMBUSTÍVEIS;EXPLORAÇÃO, REFINO E DISTRIBUIÇÃO;UGPA3;33.256.439/0001-39;3,32564E+13
LUPA;LUPATECH;PETRÓLEO, GÁS E BIOCOMBUSTÍVEIS;PETRÓLEO, GÁS E BIOCOMBUSTÍVEIS;EQUIPAMENTOS E SERVIÇOS;LUPA3;89.463.822/0001-12;8,94638E+13
OSXB;OSX BRASIL;PETRÓLEO, GÁS E BIOCOMBUSTÍVEIS;PETRÓLEO, GÁS E BIOCOMBUSTÍVEIS;EQUIPAMENTOS E SERVIÇOS;OSXB3;09.112.685/0001-32;9,11269E+12
BRAP;BRADESPAR;MATERIAIS BÁSICOS;MINERAÇÃO;MINERAIS METÁLICOS;BRAP4, BRAP3;03.847.461/0001-92;3,84746E+12
LTEL;LITEL;MATERIAIS BÁSICOS;MINERAÇÃO;MINERAIS METÁLICOS;LTEL3B;00.743.065/0001-27;7,43065E+11
LTLA;LITELA;MATERIAIS BÁSICOS;MINERAÇÃO;MINERAIS METÁLICOS;LTLA3B;05.495.546/0001-84;5,49555E+12
MMXM;MMX MINER;MATERIAIS BÁSICOS;MINERAÇÃO;MINERAIS METÁLICOS;MMXM3;02.762.115/0001-49;2,76212E+12
VALE;VALE;MATERIAIS BÁSICOS;MINERAÇÃO;MINERAIS METÁLICOS;VALE3;33.592.510/0001-54;3,35925E+13
FESA;FERBASA;MATERIAIS BÁSICOS;SIDERURGIA E METALURGIA;SIDERURGIA;FESA4, FESA3;15.141.799/0001-03;1,51418E+13
GGBR;GERDAU;MATERIAIS BÁSICOS;SIDERURGIA E METALURGIA;SIDERURGIA;GGBR3, GGBR4;33.611.500/0001-19;3,36115E+13
GOAU;GERDAU MET;MATERIAIS BÁSICOS;SIDERURGIA E METALURGIA;SIDERURGIA;GOAU3, GOAU4;92.690.783/0001-09;9,26908E+13
CSNA;SID NACIONAL;MATERIAIS BÁSICOS;SIDERURGIA E METALURGIA;SIDERURGIA;CSNA3;33.042.730/0001-04;3,30427E+13
USIM;USIMINAS;MATERIAIS BÁSICOS;SIDERURGIA E METALURGIA;SIDERURGIA;USIM6, USIM5, USIM3;60.894.730/0001-05;6,08947E+13
MGEL;MANGELS INDL;MATERIAIS BÁSICOS;SIDERURGIA E METALURGIA;ARTEFATOS DE FERRO E AÇO;MGEL3, MGEL4;61.065.298/0001-02;6,10653E+13
PATI;PANATLANTICA;MATERIAIS BÁSICOS;SIDERURGIA E METALURGIA;ARTEFATOS DE FERRO E AÇO;PATI3, PATI4;92.693.019/0001-89;9,2693E+13
TKNO;TEKNO;MATERIAIS BÁSICOS;SIDERURGIA E METALURGIA;ARTEFATOS DE FERRO E AÇO;TKNO3, TKNO4;33.467.572/0001-34;3,34676E+13
PMAM;PARANAPANEMA;MATERIAIS BÁSICOS;SIDERURGIA E METALURGIA;ARTEFATOS DE COBRE;PMAM3;60.398.369/0004-79;6,03984E+13
BRKM;BRASKEM;MATERIAIS BÁSICOS;QUÍMICOS;PETROQUÍMICOS;BRKM6, BRKM5, BRKM3;42.150.391/0001-70;4,21504E+13
ELEK;ELEKEIROZ;MATERIAIS BÁSICOS;QUÍMICOS;PETROQUÍMICOS;ELEK3, ELEK4;13.788.120/0001-47;1,37881E+13
GPCP;GPC PART;MATERIAIS BÁSICOS;QUÍMICOS;PETROQUÍMICOS;GPCP3, GPCP4;02.193.750/0001-52;2,19375E+12
FHER;FER HERINGER;MATERIAIS BÁSICOS;QUÍMICOS;FERTILIZANTES E DEFENSIVOS;FHER3;22.266.175/0001-88;2,22662E+13
NUTR;NUTRIPLANT;MATERIAIS BÁSICOS;QUÍMICOS;FERTILIZANTES E DEFENSIVOS;null;null;null
CRPG;CRISTAL;MATERIAIS BÁSICOS;QUÍMICOS;QUÍMICOS DIVERSOS;CRPG3, CRPG5, CRPG6;15.115.504/0001-24;1,51155E+13
UNIP;UNIPAR;MATERIAIS BÁSICOS;QUÍMICOS;QUÍMICOS DIVERSOS;UNIP3, UNIP5, UNIP6;33.958.695/0001-78;3,39587E+13
DTEX;DURATEX;MATERIAIS BÁSICOS;MADEIRA E PAPEL;MADEIRA;DTEX3;97.837.181/0001-47;9,78372E+13
EUCA;EUCATEX;MATERIAIS BÁSICOS;MADEIRA E PAPEL;MADEIRA;EUCA4, EUCA3;56.643.018/0001-66;5,6643E+13
RANI;IRANI;MATERIAIS BÁSICOS;MADEIRA E PAPEL;PAPEL E CELULOSE;RANI3, RANI4;92.791.243/0001-03;9,27912E+13
KLBN;KLABIN S/A;MATERIAIS BÁSICOS;MADEIRA E PAPEL;PAPEL E CELULOSE;KLBN11, KLBN3, KLBN4;89.637.490/0001-45;8,96375E+13
MSPA;MELHOR SP;MATERIAIS BÁSICOS;MADEIRA E PAPEL;PAPEL E CELULOSE;MSPA3, MSPA4;60.730.348/0001-66;6,07303E+13
STTZ;SANTHER;MATERIAIS BÁSICOS;MADEIRA E PAPEL;PAPEL E CELULOSE;null;null;null
NEMO;SUZANO HOLD;MATERIAIS BÁSICOS;MADEIRA E PAPEL;PAPEL E CELULOSE;NEMO3, NEMO5, NEMO6;60.651.809/0001-05;6,06518E+13
SUZB;SUZANO S.A.;MATERIAIS BÁSICOS;MADEIRA E PAPEL;PAPEL E CELULOSE;SUZB3;16.404.287/0001-55;1,64043E+13
MTIG;METAL IGUACU;MATERIAIS BÁSICOS;EMBALAGENS;EMBALAGENS;MTIG3, MTIG4;80.227.184/0001-66;8,02272E+13
SNSY;SANSUY;MATERIAIS BÁSICOS;MATERIAIS DIVERSOS;MATERIAIS DIVERSOS;SNSY3, SNSY5, SNSY6;14.807.945/0001-24;1,48079E+13
ETER;ETERNIT;BENS INDUSTRIAIS;CONSTRUÇÃO E ENGENHARIA;PRODUTOS PARA CONSTRUÇÃO;ETER3;61.092.037/0001-81;6,1092E+13
HAGA;HAGA S/A;BENS INDUSTRIAIS;CONSTRUÇÃO E ENGENHARIA;PRODUTOS PARA CONSTRUÇÃO;HAGA3, HAGA4;30.540.991/0001-66;3,0541E+13
PTBL;PORTOBELLO;BENS INDUSTRIAIS;CONSTRUÇÃO E ENGENHARIA;PRODUTOS PARA CONSTRUÇÃO;PTBL3;83.475.913/0001-91;8,34759E+13
AZEV;AZEVEDO;BENS INDUSTRIAIS;CONSTRUÇÃO E ENGENHARIA;CONSTRUÇÃO PESADA;AZEV3, AZEV4;61.351.532/0001-68;6,13515E+13
SOND;SONDOTECNICA;BENS INDUSTRIAIS;CONSTRUÇÃO E ENGENHARIA;ENGENHARIA CONSULTIVA;SOND3, SOND5, SOND6;33.386.210/0001-19;3,33862E+13
TCNO;TECNOSOLO;BENS INDUSTRIAIS;CONSTRUÇÃO E ENGENHARIA;ENGENHARIA CONSULTIVA;TCNO3, TCNO4;33.111.246/0001-90;3,31112E+13
MILS;MILLS;BENS INDUSTRIAIS;CONSTRUÇÃO E ENGENHARIA;SERVIÇOS DIVERSOS;MILS3;27.093.558/0001-15;2,70936E+13
EMBR;EMBRAER;BENS INDUSTRIAIS;MATERIAL DE TRANSPORTE;MATERIAL AERONÁUTICO E DE DEFESA;EMBR3;07.689.002/0001-89;7,689E+12
FRAS;FRAS-LE;BENS INDUSTRIAIS;MATERIAL DE TRANSPORTE;MATERIAL RODOVIÁRIO;FRAS3;88.610.126/0001-29;8,86101E+13
POMO;MARCOPOLO;BENS INDUSTRIAIS;MATERIAL DE TRANSPORTE;MATERIAL RODOVIÁRIO;POMO4, POMO3;88.611.835/0001-29;8,86118E+13
RAPT;RANDON PART;BENS INDUSTRIAIS;MATERIAL DE TRANSPORTE;MATERIAL RODOVIÁRIO;RAPT4, RAPT3;89.086.144/0001-16;8,90861E+13
RCSL;RECRUSUL;BENS INDUSTRIAIS;MATERIAL DE TRANSPORTE;MATERIAL RODOVIÁRIO;RCSL3, RCSL4;91.333.666/0001-17;9,13337E+13
RSUL;RIOSULENSE;BENS INDUSTRIAIS;MATERIAL DE TRANSPORTE;MATERIAL RODOVIÁRIO;RSUL3, RSUL4;85.778.074/0001-06;8,57781E+13
TUPY;TUPY;BENS INDUSTRIAIS;MATERIAL DE TRANSPORTE;MATERIAL RODOVIÁRIO;TUPY3;84.683.374/0001-49;8,46834E+13
MWET;WETZEL S/A;BENS INDUSTRIAIS;MATERIAL DE TRANSPORTE;MATERIAL RODOVIÁRIO;MWET3, MWET4;84.683.671/0001-94;8,46837E+13
SHUL;SCHULZ;BENS INDUSTRIAIS;MÁQUINAS E EQUIPAMENTOS;MOTORES, COMPRESSORES E OUTROS;SHUL4, SHUL3;84.693.183/0001-68;8,46932E+13
WEGE;WEG;BENS INDUSTRIAIS;MÁQUINAS E EQUIPAMENTOS;MOTORES, COMPRESSORES E OUTROS;WEGE3;84.429.695/0001-11;8,44297E+13
EALT;ACO ALTONA;BENS INDUSTRIAIS;MÁQUINAS E EQUIPAMENTOS;MÁQ. E EQUIP. INDUSTRIAIS;EALT3, EALT4;82.643.537/0001-34;8,26435E+13
BDLL;BARDELLA;BENS INDUSTRIAIS;MÁQUINAS E EQUIPAMENTOS;MÁQ. E EQUIP. INDUSTRIAIS;BDLL4, BDLL3;60.851.615/0001-53;6,08516E+13
ROMI;INDS ROMI;BENS INDUSTRIAIS;MÁQUINAS E EQUIPAMENTOS;MÁQ. E EQUIP. INDUSTRIAIS;ROMI3;56.720.428/0001-63;5,67204E+13
INEP;INEPAR;BENS INDUSTRIAIS;MÁQUINAS E EQUIPAMENTOS;MÁQ. E EQUIP. INDUSTRIAIS;INEP4, INEP3;76.627.504/0001-06;7,66275E+13
KEPL;KEPLER WEBER;BENS INDUSTRIAIS;MÁQUINAS E EQUIPAMENTOS;MÁQ. E EQUIP. INDUSTRIAIS;KEPL3;91.983.056/0001-69;9,19831E+13
FRIO;METALFRIO;BENS INDUSTRIAIS;MÁQUINAS E EQUIPAMENTOS;MÁQ. E EQUIP. INDUSTRIAIS;FRIO3;04.821.041/0001-08;4,82104E+12
NORD;NORDON MET;BENS INDUSTRIAIS;MÁQUINAS E EQUIPAMENTOS;MÁQ. E EQUIP. INDUSTRIAIS;NORD3;60.884.319/0001-59;6,08843E+13
PTCA;PRATICA;BENS INDUSTRIAIS;MÁQUINAS E EQUIPAMENTOS;MÁQ. E EQUIP. INDUSTRIAIS;PTCA11, PTCA3;08.574.411/0001-00;8,57441E+12
MTSA;METISA;BENS INDUSTRIAIS;MÁQUINAS E EQUIPAMENTOS;MÁQ. E EQUIP. CONSTRUÇÃO E AGRÍCOLAS;MTSA3, MTSA4;86.375.425/0001-09;8,63754E+13
STTR;STARA;BENS INDUSTRIAIS;MÁQUINAS E EQUIPAMENTOS;MÁQ. E EQUIP. CONSTRUÇÃO E AGRÍCOLAS;null;null;null
TASA;TAURUS ARMAS;BENS INDUSTRIAIS;MÁQUINAS E EQUIPAMENTOS;ARMAS E MUNIÇÕES;TASA13, TASA15, TASA17, TASA3, TASA4;92.781.335/0001-02;9,27813E+13
AZUL;AZUL;BENS INDUSTRIAIS;TRANSPORTE;TRANSPORTE AÉREO;AZUL4;09.305.994/0001-29;9,30599E+12
GOLL;GOL;BENS INDUSTRIAIS;TRANSPORTE;TRANSPORTE AÉREO;GOLL11, GOLL4;06.164.253/0001-87;6,16425E+12
FRRN;ALL NORTE;BENS INDUSTRIAIS;TRANSPORTE;TRANSPORTE FERROVIÁRIO;FRRN3B, FRRN5B, FRRN6B;24.962.466/0001-36;2,49625E+13
GASC;ALL PAULISTA;BENS INDUSTRIAIS;TRANSPORTE;TRANSPORTE FERROVIÁRIO;null;null;null
RLOG;COSAN LOG;BENS INDUSTRIAIS;TRANSPORTE;TRANSPORTE FERROVIÁRIO;RLOG3;17.346.997/0001-39;1,7347E+13
VSPT;FER C ATLANT;BENS INDUSTRIAIS;TRANSPORTE;TRANSPORTE FERROVIÁRIO;VSPT3, VSPT4;00.924.429/0001-75;9,24429E+11
MRSA;MRS LOGIST;BENS INDUSTRIAIS;TRANSPORTE;TRANSPORTE FERROVIÁRIO;MRSA3B, MRSA5B, MRSA6B;01.417.222/0001-77;1,41722E+12
RAIL;RUMO S.A.;BENS INDUSTRIAIS;TRANSPORTE;TRANSPORTE FERROVIÁRIO;RAIL3;02.387.241/0001-60;2,38724E+12
LOGN;LOG-IN;BENS INDUSTRIAIS;TRANSPORTE;TRANSPORTE HIDROVIÁRIO;LOGN3;42.278.291/0001-24;4,22783E+13
LUXM;TREVISA;BENS INDUSTRIAIS;TRANSPORTE;TRANSPORTE HIDROVIÁRIO;LUXM3, LUXM4;92.660.570/0001-26;9,26606E+13
JSLG;JSL;BENS INDUSTRIAIS;TRANSPORTE;TRANSPORTE RODOVIÁRIO;JSLG3;52.548.435/0001-79;5,25484E+13
TGMA;TEGMA;BENS INDUSTRIAIS;TRANSPORTE;TRANSPORTE RODOVIÁRIO;TGMA3;02.351.144/0001-18;2,35114E+12
ANHB;AUTOBAN;BENS INDUSTRIAIS;TRANSPORTE;EXPLORAÇÃO DE RODOVIAS;null;null;null
CCRO;CCR SA;BENS INDUSTRIAIS;TRANSPORTE;EXPLORAÇÃO DE RODOVIAS;CCRO3;02.846.056/0001-97;2,84606E+12
RPTA;CONC RAPOSO;BENS INDUSTRIAIS;TRANSPORTE;EXPLORAÇÃO DE RODOVIAS;null;null;null
CRTE;CONC RIO TER;BENS INDUSTRIAIS;TRANSPORTE;EXPLORAÇÃO DE RODOVIAS;CRTE3B, CRTE5B;00.938.574/0001-05;9,38574E+11
ERDV;ECON;BENS INDUSTRIAIS;TRANSPORTE;EXPLORAÇÃO DE RODOVIAS;null;null;null
ECNT;ECONORTE;BENS INDUSTRIAIS;TRANSPORTE;EXPLORAÇÃO DE RODOVIAS;null;null;null
ASCP;ECOPISTAS;BENS INDUSTRIAIS;TRANSPORTE;EXPLORAÇÃO DE RODOVIAS;null;null;null
ECOR;ECORODOVIAS;BENS INDUSTRIAIS;TRANSPORTE;EXPLORAÇÃO DE RODOVIAS;ECOR3;04.149.454/0001-80;4,14945E+12
ECOV;ECOVIAS;BENS INDUSTRIAIS;TRANSPORTE;EXPLORAÇÃO DE RODOVIAS;null;null;null
COLN;ROD COLINAS;BENS INDUSTRIAIS;TRANSPORTE;EXPLORAÇÃO DE RODOVIAS;null;null;null
RDVT;ROD TIETE;BENS INDUSTRIAIS;TRANSPORTE;EXPLORAÇÃO DE RODOVIAS;null;null;null
CRBD;RT BANDEIRAS;BENS INDUSTRIAIS;TRANSPORTE;EXPLORAÇÃO DE RODOVIAS;null;null;null
TRIA;TRIANGULOSOL;BENS INDUSTRIAIS;TRANSPORTE;EXPLORAÇÃO DE RODOVIAS;null;null;null
TPIS;TRIUNFO PART;BENS INDUSTRIAIS;TRANSPORTE;EXPLORAÇÃO DE RODOVIAS;TPIS3;03.014.553/0001-91;3,01455E+12
VOES;VIAOESTE;BENS INDUSTRIAIS;TRANSPORTE;EXPLORAÇÃO DE RODOVIAS;null;null;null
AGRU;GRUAIRPORT;BENS INDUSTRIAIS;TRANSPORTE;SERVIÇOS DE APOIO E ARMAZENAGEM;null;null;null
PSVM;PORTO VM;BENS INDUSTRIAIS;TRANSPORTE;SERVIÇOS DE APOIO E ARMAZENAGEM;PSVM11;18.494.485/0001-82;1,84945E+13
IVPR;INVEPAR;BENS INDUSTRIAIS;TRANSPORTE;SERVIÇOS DE APOIO E ARMAZENAGEM;IVPR4B, IVPR3B;03.758.318/0001-24;3,75832E+12
SAIP;SALUS INFRA;BENS INDUSTRIAIS;TRANSPORTE;SERVIÇOS DE APOIO E ARMAZENAGEM;null;null;null
STBP;SANTOS BRP;BENS INDUSTRIAIS;TRANSPORTE;SERVIÇOS DE APOIO E ARMAZENAGEM;STBP3;02.762.121/0001-04;2,76212E+12
WSON;WILSON SONS;BENS INDUSTRIAIS;TRANSPORTE;SERVIÇOS DE APOIO E ARMAZENAGEM;WSON33;05.721.735/0001-28;5,72174E+12
ATMP;ATMASA;BENS INDUSTRIAIS;SERVIÇOS DIVERSOS;SERVIÇOS DIVERSOS;null;null;null
BBML;BBMLOGISTICA;BENS INDUSTRIAIS;SERVIÇOS DIVERSOS;SERVIÇOS DIVERSOS;BBML3;01.107.327/0001-20;1,10733E+12
CARD;CSU CARDSYST;BENS INDUSTRIAIS;SERVIÇOS DIVERSOS;SERVIÇOS DIVERSOS;CARD3;01.896.779/0001-38;1,89678E+12
DTCY;DTCOM-DIRECT;BENS INDUSTRIAIS;SERVIÇOS DIVERSOS;SERVIÇOS DIVERSOS;DTCY3, DTCY4;03.303.999/0001-36;3,304E+12
FLEX;FLEX S/A;BENS INDUSTRIAIS;SERVIÇOS DIVERSOS;SERVIÇOS DIVERSOS;FLEX3;10.851.805/0001-00;1,08518E+13
PRNR;PRINER;BENS INDUSTRIAIS;SERVIÇOS DIVERSOS;SERVIÇOS DIVERSOS;PRNR3;18.593.815/0001-97;1,85938E+13
VLID;VALID;BENS INDUSTRIAIS;SERVIÇOS DIVERSOS;SERVIÇOS DIVERSOS;VLID3;33.113.309/0001-47;3,31133E+13
BTTL;BATTISTELLA;BENS INDUSTRIAIS;COMÉRCIO;MATERIAL DE TRANSPORTE;BTTL3;42.331.462/0001-31;4,23315E+13
MMAQ;MINASMAQUINA;BENS INDUSTRIAIS;COMÉRCIO;MATERIAL DE TRANSPORTE;MMAQ3, MMAQ4;17.161.241/0001-15;1,71612E+13
WLMM;WLM IND COM;BENS INDUSTRIAIS;COMÉRCIO;MATERIAL DE TRANSPORTE;WLMM3, WLMM4;33.228.024/0001-51;3,3228E+13
APTI;ALIPERTI;CONSUMO NÃO CÍCLICO;AGROPECUÁRIA;AGRICULTURA;APTI3, APTI4;61.156.931/0001-78;6,11569E+13
AGRO;BRASILAGRO;CONSUMO NÃO CÍCLICO;AGROPECUÁRIA;AGRICULTURA;AGRO3;07.628.528/0001-59;7,62853E+12
FRTA;POMIFRUTAS;CONSUMO NÃO CÍCLICO;AGROPECUÁRIA;AGRICULTURA;FRTA3;86.550.951/0001-50;8,6551E+13
SLCE;SLC AGRICOLA;CONSUMO NÃO CÍCLICO;AGROPECUÁRIA;AGRICULTURA;SLCE3;89.096.457/0001-55;8,90965E+13
TESA;TERRA SANTA;CONSUMO NÃO CÍCLICO;AGROPECUÁRIA;AGRICULTURA;TESA12, TESA3;05.799.312/0001-20;5,79931E+12
BSEV;BIOSEV;CONSUMO NÃO CÍCLICO;ALIMENTOS PROCESSADOS;AÇUCAR E ALCOOL;BSEV3;15.527.906/0001-36;1,55279E+13
RESA;RAIZEN ENERG;CONSUMO NÃO CÍCLICO;ALIMENTOS PROCESSADOS;AÇUCAR E ALCOOL;null;null;null
SMTO;SAO MARTINHO;CONSUMO NÃO CÍCLICO;ALIMENTOS PROCESSADOS;AÇUCAR E ALCOOL;SMTO3;51.466.860/0001-56;5,14669E+13
BRFS;BRF SA;CONSUMO NÃO CÍCLICO;ALIMENTOS PROCESSADOS;CARNES E DERIVADOS;BRFS3;01.838.723/0001-27;1,83872E+12
BAUH;EXCELSIOR;CONSUMO NÃO CÍCLICO;ALIMENTOS PROCESSADOS;CARNES E DERIVADOS;BAUH3, BAUH4;95.426.862/0001-97;9,54269E+13
JBSS;JBS;CONSUMO NÃO CÍCLICO;ALIMENTOS PROCESSADOS;CARNES E DERIVADOS;JBSS3;02.916.265/0001-60;2,91627E+12
MRFG;MARFRIG;CONSUMO NÃO CÍCLICO;ALIMENTOS PROCESSADOS;CARNES E DERIVADOS;MRFG3;03.853.896/0001-40;3,8539E+12
BEEF;MINERVA;CONSUMO NÃO CÍCLICO;ALIMENTOS PROCESSADOS;CARNES E DERIVADOS;BEEF3, BEEF11;67.620.377/0001-14;6,76204E+13
MNPR;MINUPAR;CONSUMO NÃO CÍCLICO;ALIMENTOS PROCESSADOS;CARNES E DERIVADOS;MNPR3;90.076.886/0001-40;9,00769E+13
CAML;CAMIL;CONSUMO NÃO CÍCLICO;ALIMENTOS PROCESSADOS;ALIMENTOS DIVERSOS;CAML3;64.904.295/0001-03;6,49043E+13
JMCD;J.MACEDO;CONSUMO NÃO CÍCLICO;ALIMENTOS PROCESSADOS;ALIMENTOS DIVERSOS;null;null;null
JOPA;JOSAPAR;CONSUMO NÃO CÍCLICO;ALIMENTOS PROCESSADOS;ALIMENTOS DIVERSOS;JOPA3, JOPA4;87.456.562/0001-22;8,74566E+13
MDIA;M.DIASBRANCO;CONSUMO NÃO CÍCLICO;ALIMENTOS PROCESSADOS;ALIMENTOS DIVERSOS;MDIA3;07.206.816/0001-15;7,20682E+12
ODER;ODERICH;CONSUMO NÃO CÍCLICO;ALIMENTOS PROCESSADOS;ALIMENTOS DIVERSOS;ODER3, ODER4;97.191.902/0001-94;9,71919E+13
ABEV;AMBEV S/A;CONSUMO NÃO CÍCLICO;BEBIDAS;CERVEJAS E REFRIGERANTES;ABEV3;07.526.557/0001-00;7,52656E+12
NTCO;GRUPO NATURA;CONSUMO NÃO CÍCLICO;PRODUTOS DE USO PESSOAL E DE LIMPEZA;PRODUTOS DE USO PESSOAL;NTCO3;32.785.497/0001-97;3,27855E+13
BOBR;BOMBRIL;CONSUMO NÃO CÍCLICO;PRODUTOS DE USO PESSOAL E DE LIMPEZA;PRODUTOS DE LIMPEZA;BOBR3, BOBR4;50.564.053/0001-03;5,05641E+13
CRFB;CARREFOUR BR;CONSUMO NÃO CÍCLICO;COMÉRCIO E DISTRIBUIÇÃO;ALIMENTOS;CRFB3;75.315.333/0001-09;7,53153E+13
PCAR;P.ACUCAR-CBD;CONSUMO NÃO CÍCLICO;COMÉRCIO E DISTRIBUIÇÃO;ALIMENTOS;PCAR3;47.508.411/0001-56;4,75084E+13
CALI;CONST A LIND;CONSUMO CÍCLICO;CONSTRUÇÃO CIVIL;INCORPORAÇÕES;CALI3, CALI4;61.022.042/0001-18;6,1022E+13
CRDE;CR2;CONSUMO CÍCLICO;CONSTRUÇÃO CIVIL;INCORPORAÇÕES;CRDE3;07.820.907/0001-46;7,82091E+12
CYRE;CYRELA REALT;CONSUMO CÍCLICO;CONSTRUÇÃO CIVIL;INCORPORAÇÕES;CYRE3;73.178.600/0001-18;7,31786E+13
DIRR;DIRECIONAL;CONSUMO CÍCLICO;CONSTRUÇÃO CIVIL;INCORPORAÇÕES;DIRR3;16.614.075/0001-00;1,66141E+13
EVEN;EVEN;CONSUMO CÍCLICO;CONSTRUÇÃO CIVIL;INCORPORAÇÕES;EVEN3;43.470.988/0001-65;4,3471E+13
EZTC;EZTEC;CONSUMO CÍCLICO;CONSTRUÇÃO CIVIL;INCORPORAÇÕES;EZTC3;08.312.229/0001-73;8,31223E+12
GFSA;GAFISA;CONSUMO CÍCLICO;CONSTRUÇÃO CIVIL;INCORPORAÇÕES;GFSA3;01.545.826/0001-07;1,54583E+12
HBOR;HELBOR;CONSUMO CÍCLICO;CONSTRUÇÃO CIVIL;INCORPORAÇÕES;HBOR3;49.263.189/0001-02;4,92632E+13
INNT;INTER SA;CONSUMO CÍCLICO;CONSTRUÇÃO CIVIL;INCORPORAÇÕES;INNT3;09.611.768/0001-76;9,61177E+12
JHSF;JHSF PART;CONSUMO CÍCLICO;CONSTRUÇÃO CIVIL;INCORPORAÇÕES;JHSF3;08.294.224/0001-65;8,29422E+12
JFEN;JOAO FORTES;CONSUMO CÍCLICO;CONSTRUÇÃO CIVIL;INCORPORAÇÕES;JFEN3;33.035.536/0001-00;3,30355E+13
MTRE;MITRE REALTY;CONSUMO CÍCLICO;CONSTRUÇÃO CIVIL;INCORPORAÇÕES;MTRE3;07.882.930/0001-65;7,88293E+12
MDNE;MOURA DUBEUX;CONSUMO CÍCLICO;CONSTRUÇÃO CIVIL;INCORPORAÇÕES;MDNE3;12.049.631/0001-84;1,20496E+13
MRVE;MRV;CONSUMO CÍCLICO;CONSTRUÇÃO CIVIL;INCORPORAÇÕES;MRVE3;08.343.492/0001-20;8,34349E+12
PDGR;PDG REALT;CONSUMO CÍCLICO;CONSTRUÇÃO CIVIL;INCORPORAÇÕES;PDGR3;02.950.811/0001-89;2,95081E+12
RDNI;RNI;CONSUMO CÍCLICO;CONSTRUÇÃO CIVIL;INCORPORAÇÕES;RDNI3;67.010.660/0001-24;6,70107E+13
RSID;ROSSI RESID;CONSUMO CÍCLICO;CONSTRUÇÃO CIVIL;INCORPORAÇÕES;RSID3;61.065.751/0001-80;6,10658E+13
TCSA;TECNISA;CONSUMO CÍCLICO;CONSTRUÇÃO CIVIL;INCORPORAÇÕES;TCSA3;08.065.557/0001-12;8,06556E+12
TEND;TENDA;CONSUMO CÍCLICO;CONSTRUÇÃO CIVIL;INCORPORAÇÕES;TEND3;71.476.527/0001-35;7,14765E+13
TRIS;TRISUL;CONSUMO CÍCLICO;CONSTRUÇÃO CIVIL;INCORPORAÇÕES;TRIS3;08.811.643/0001-27;8,81164E+12
VIVR;VIVER;CONSUMO CÍCLICO;CONSTRUÇÃO CIVIL;INCORPORAÇÕES;VIVR3;67.571.414/0001-41;6,75714E+13
CEDO;CEDRO;CONSUMO CÍCLICO;TECIDOS, VESTUÁRIO E CALÇADOS;FIOS E TECIDOS;CEDO4, CEDO3;17.245.234/0001-00;1,72452E+13
CTNM;COTEMINAS;CONSUMO CÍCLICO;TECIDOS, VESTUÁRIO E CALÇADOS;FIOS E TECIDOS;CTNM4, CTNM3;22.677.520/0001-76;2,26775E+13
DOHL;DOHLER;CONSUMO CÍCLICO;TECIDOS, VESTUÁRIO E CALÇADOS;FIOS E TECIDOS;DOHL3, DOHL4;84.683.408/0001-03;8,46834E+13
ECPR;ENCORPAR;CONSUMO CÍCLICO;TECIDOS, VESTUÁRIO E CALÇADOS;FIOS E TECIDOS;ECPR3, ECPR4;01.971.614/0001-83;1,97161E+12
CATA;IND CATAGUAS;CONSUMO CÍCLICO;TECIDOS, VESTUÁRIO E CALÇADOS;FIOS E TECIDOS;CATA3, CATA4;19.526.748/0001-50;1,95267E+13
CTKA;KARSTEN;CONSUMO CÍCLICO;TECIDOS, VESTUÁRIO E CALÇADOS;FIOS E TECIDOS;CTKA4, CTKA3;82.640.558/0001-04;8,26406E+13
PTNT;PETTENATI;CONSUMO CÍCLICO;TECIDOS, VESTUÁRIO E CALÇADOS;FIOS E TECIDOS;PTNT3, PTNT4;88.613.658/0001-10;8,86137E+13
CTSA;SANTANENSE;CONSUMO CÍCLICO;TECIDOS, VESTUÁRIO E CALÇADOS;FIOS E TECIDOS;CTSA3, CTSA4, CTSA8;21.255.567/0001-89;2,12556E+13
SGPS;SPRINGS;CONSUMO CÍCLICO;TECIDOS, VESTUÁRIO E CALÇADOS;FIOS E TECIDOS;SGPS3;07.718.269/0001-57;7,71827E+12
TEKA;TEKA;CONSUMO CÍCLICO;TECIDOS, VESTUÁRIO E CALÇADOS;FIOS E TECIDOS;TEKA3, TEKA4;82.636.986/0001-55;8,2637E+13
TXRX;TEX RENAUX;CONSUMO CÍCLICO;TECIDOS, VESTUÁRIO E CALÇADOS;FIOS E TECIDOS;null;null;null
HGTX;CIA HERING;CONSUMO CÍCLICO;TECIDOS, VESTUÁRIO E CALÇADOS;VESTUÁRIO;HGTX3;78.876.950/0001-71;7,8877E+13
ALPA;ALPARGATAS;CONSUMO CÍCLICO;TECIDOS, VESTUÁRIO E CALÇADOS;CALÇADOS;ALPA3, ALPA4;61.079.117/0001-05;6,10791E+13
CAMB;CAMBUCI;CONSUMO CÍCLICO;TECIDOS, VESTUÁRIO E CALÇADOS;CALÇADOS;CAMB3;61.088.894/0001-08;6,10889E+13
GRND;GRENDENE;CONSUMO CÍCLICO;TECIDOS, VESTUÁRIO E CALÇADOS;CALÇADOS;GRND3;89.850.341/0001-60;8,98503E+13
VULC;VULCABRAS;CONSUMO CÍCLICO;TECIDOS, VESTUÁRIO E CALÇADOS;CALÇADOS;VULC3;50.926.955/0001-42;5,0927E+13
MNDL;MUNDIAL;CONSUMO CÍCLICO;TECIDOS, VESTUÁRIO E CALÇADOS;ACESSÓRIOS;MNDL3;88.610.191/0001-54;8,86102E+13
TECN;TECHNOS;CONSUMO CÍCLICO;TECIDOS, VESTUÁRIO E CALÇADOS;ACESSÓRIOS;TECN3;09.295.063/0001-97;9,29506E+12
VIVA;VIVARA S.A.;CONSUMO CÍCLICO;TECIDOS, VESTUÁRIO E CALÇADOS;ACESSÓRIOS;VIVA3;33.839.910/0001-11;3,38399E+13
WHRL;WHIRLPOOL;CONSUMO CÍCLICO;UTILIDADES DOMÉSTICAS;ELETRODOMÉSTICOS;WHRL3;59.105.999/0001-86;5,9106E+13
UCAS;UNICASA;CONSUMO CÍCLICO;UTILIDADES DOMÉSTICAS;MÓVEIS;UCAS3;90.441.460/0001-48;9,04415E+13
HETA;HERCULES;CONSUMO CÍCLICO;UTILIDADES DOMÉSTICAS;UTENSÍLIOS DOMÉSTICOS;HETA3, HETA4;92.749.225/0001-63;9,27492E+13
MYPK;IOCHP-MAXION;CONSUMO CÍCLICO;AUTOMÓVEIS E MOTOCICLETAS;AUTOMÓVEIS E MOTOCICLETAS;MYPK3;61.156.113/0001-75;6,11561E+13
LEVE;METAL LEVE;CONSUMO CÍCLICO;AUTOMÓVEIS E MOTOCICLETAS;AUTOMÓVEIS E MOTOCICLETAS;LEVE3;60.476.884/0001-87;6,04769E+13
PLAS;PLASCAR PART;CONSUMO CÍCLICO;AUTOMÓVEIS E MOTOCICLETAS;AUTOMÓVEIS E MOTOCICLETAS;PLAS3;51.928.174/0001-50;5,19282E+13
HOOT;HOTEIS OTHON;CONSUMO CÍCLICO;HOTEIS E RESTAURANTES;HOTELARIA;HOOT4;33.200.049/0001-47;3,32E+13
BKBR;BK BRASIL;CONSUMO CÍCLICO;HOTEIS E RESTAURANTES;RESTAURANTE E SIMILARES;BKBR3;13.574.594/0001-96;1,35746E+13
MEAL;IMC S/A;CONSUMO CÍCLICO;HOTEIS E RESTAURANTES;RESTAURANTE E SIMILARES;MEAL3;17.314.329/0001-20;1,73143E+13
BMKS;BIC MONARK;CONSUMO CÍCLICO;VIAGENS E LAZER;BICICLETAS;BMKS3;56.992.423/0001-90;5,69924E+13
ESTR;ESTRELA;CONSUMO CÍCLICO;VIAGENS E LAZER;BRINQUEDOS E JOGOS;ESTR4, ESTR3;61.082.004/0001-50;6,1082E+13
AHEB;SPTURIS;CONSUMO CÍCLICO;VIAGENS E LAZER;PRODUÇÃO DE EVENTOS E SHOWS;AHEB3, AHEB5, AHEB6;62.002.886/0001-60;6,20029E+13
SHOW;TIME FOR FUN;CONSUMO CÍCLICO;VIAGENS E LAZER;PRODUÇÃO DE EVENTOS E SHOWS;SHOW3;02.860.694/0001-62;2,86069E+12
CVCB;CVC BRASIL;CONSUMO CÍCLICO;VIAGENS E LAZER;VIAGENS E TURISMO;CVCB3;10.760.260/0001-19;1,07603E+13
SMFT;SMART FIT;CONSUMO CÍCLICO;VIAGENS E LAZER;ATIVIDADES ESPORTIVAS;SMFT3;07.594.978/0001-78;7,59498E+12
ANIM;ANIMA;CONSUMO CÍCLICO;DIVERSOS;SERVIÇOS EDUCACIONAIS;ANIM3;09.288.252/0001-32;9,28825E+12
BAHI;BAHEMA;CONSUMO CÍCLICO;DIVERSOS;SERVIÇOS EDUCACIONAIS;BAHI3;45.987.245/0001-92;4,59872E+13
COGN;COGNA ON;CONSUMO CÍCLICO;DIVERSOS;SERVIÇOS EDUCACIONAIS;COGN3;02.800.026/0001-40;2,80003E+12
SEER;SER EDUCA;CONSUMO CÍCLICO;DIVERSOS;SERVIÇOS EDUCACIONAIS;SEER3;04.986.320/0001-13;4,98632E+12
YDUQ;YDUQS PART;CONSUMO CÍCLICO;DIVERSOS;SERVIÇOS EDUCACIONAIS;YDUQ3;08.807.432/0001-10;8,80743E+12
RENT;LOCALIZA;CONSUMO CÍCLICO;DIVERSOS;ALUGUEL DE CARROS;RENT3;16.670.085/0001-55;1,66701E+13
LCAM;LOCAMERICA;CONSUMO CÍCLICO;DIVERSOS;ALUGUEL DE CARROS;LCAM3;10.215.988/0001-60;1,0216E+13
MSRO;MAESTROLOC;CONSUMO CÍCLICO;DIVERSOS;ALUGUEL DE CARROS;MSRO3;08.795.211/0001-70;8,79521E+12
MOVI;MOVIDA;CONSUMO CÍCLICO;DIVERSOS;ALUGUEL DE CARROS;MOVI3;21.314.559/0001-66;2,13146E+13
UNID;UNIDAS;CONSUMO CÍCLICO;DIVERSOS;ALUGUEL DE CARROS;null;null;null
SMLS;SMILES;CONSUMO CÍCLICO;DIVERSOS;PROGRAMAS DE FIDELIZAÇÃO;SMLS3;05.730.375/0001-20;5,73038E+12
ARZZ;AREZZO CO;CONSUMO CÍCLICO;COMÉRCIO;TECIDOS, VESTUÁRIO E CALÇADOS;ARZZ3;16.590.234/0001-76;1,65902E+13
CEAB;CEA MODAS;CONSUMO CÍCLICO;COMÉRCIO;TECIDOS, VESTUÁRIO E CALÇADOS;CEAB3;45.242.914/0001-05;4,52429E+13
CGRA;GRAZZIOTIN;CONSUMO CÍCLICO;COMÉRCIO;TECIDOS, VESTUÁRIO E CALÇADOS;CGRA4, CGRA3;92.012.467/0001-70;9,20125E+13
GUAR;GUARARAPES;CONSUMO CÍCLICO;COMÉRCIO;TECIDOS, VESTUÁRIO E CALÇADOS;GUAR3;08.402.943/0001-52;8,40294E+12
LLIS;LE LIS BLANC;CONSUMO CÍCLICO;COMÉRCIO;TECIDOS, VESTUÁRIO E CALÇADOS;LLIS3;49.669.856/0001-43;4,96699E+13
AMAR;LOJAS MARISA;CONSUMO CÍCLICO;COMÉRCIO;TECIDOS, VESTUÁRIO E CALÇADOS;AMAR3;61.189.288/0001-89;6,11893E+13
LREN;LOJAS RENNER;CONSUMO CÍCLICO;COMÉRCIO;TECIDOS, VESTUÁRIO E CALÇADOS;LREN3;92.754.738/0001-62;9,27547E+13
MGLU;MAGAZ LUIZA;CONSUMO CÍCLICO;COMÉRCIO;ELETRODOMÉSTICOS;MGLU3;47.960.950/0001-21;4,7961E+13
VVAR;VIAVAREJO;CONSUMO CÍCLICO;COMÉRCIO;ELETRODOMÉSTICOS;VVAR3;33.041.260/0652-90;3,30413E+13
BTOW;B2W DIGITAL;CONSUMO CÍCLICO;COMÉRCIO;PRODUTOS DIVERSOS;BTOW3;00.776.574/0001-56;7,76574E+11
CNTO;CENTAURO;CONSUMO CÍCLICO;COMÉRCIO;PRODUTOS DIVERSOS;CNTO3;13.217.485/0001-11;1,32175E+13
LAME;LOJAS AMERIC;CONSUMO CÍCLICO;COMÉRCIO;PRODUTOS DIVERSOS;LAME3, LAME4;33.014.556/0001-96;3,30146E+13
SLED;SARAIVA LIVR;CONSUMO CÍCLICO;COMÉRCIO;PRODUTOS DIVERSOS;SLED4, SLED3;60.500.139/0001-26;6,05001E+13
BIOM;BIOMM;SAÚDE;MEDICAMENTOS E OUTROS PRODUTOS;MEDICAMENTOS E OUTROS PRODUTOS;BIOM3;04.752.991/0001-10;4,75299E+12
GBIO;BIOTOSCANA;SAÚDE;MEDICAMENTOS E OUTROS PRODUTOS;MEDICAMENTOS E OUTROS PRODUTOS;GBIO33;19.688.956/0001-56;1,9689E+13
NRTQ;NORTCQUIMICA;SAÚDE;MEDICAMENTOS E OUTROS PRODUTOS;MEDICAMENTOS E OUTROS PRODUTOS;NRTQ3;29.950.060/0001-57;2,99501E+13
OFSA;OUROFINO S/A;SAÚDE;MEDICAMENTOS E OUTROS PRODUTOS;MEDICAMENTOS E OUTROS PRODUTOS;OFSA3;20.258.278/0001-70;2,02583E+13
ADHM;ADVANCED-DH;SAÚDE;SERVIÇOS MÉDICO - HOSPITALARES, ANÁLISES E DIAGNÓSTICOS;SERVIÇOS MÉDICO - HOSPITALARES, ANÁLISES E DIAGNÓSTICOS;ADHM1, ADHM3;10.345.009/0001-98;1,0345E+13
AALR;ALLIAR;SAÚDE;SERVIÇOS MÉDICO - HOSPITALARES, ANÁLISES E DIAGNÓSTICOS;SERVIÇOS MÉDICO - HOSPITALARES, ANÁLISES E DIAGNÓSTICOS;AALR3;42.771.949/0001-35;4,27719E+13
DASA;DASA;SAÚDE;SERVIÇOS MÉDICO - HOSPITALARES, ANÁLISES E DIAGNÓSTICOS;SERVIÇOS MÉDICO - HOSPITALARES, ANÁLISES E DIAGNÓSTICOS;DASA3;61.486.650/0001-83;6,14867E+13
FLRY;FLEURY;SAÚDE;SERVIÇOS MÉDICO - HOSPITALARES, ANÁLISES E DIAGNÓSTICOS;SERVIÇOS MÉDICO - HOSPITALARES, ANÁLISES E DIAGNÓSTICOS;FLRY3;60.840.055/0001-31;6,08401E+13
HAPV;HAPVIDA;SAÚDE;SERVIÇOS MÉDICO - HOSPITALARES, ANÁLISES E DIAGNÓSTICOS;SERVIÇOS MÉDICO - HOSPITALARES, ANÁLISES E DIAGNÓSTICOS;HAPV3;05.197.443/0001-38;5,19744E+12
PARD;IHPARDINI;SAÚDE;SERVIÇOS MÉDICO - HOSPITALARES, ANÁLISES E DIAGNÓSTICOS;SERVIÇOS MÉDICO - HOSPITALARES, ANÁLISES E DIAGNÓSTICOS;PARD3;19.378.769/0001-76;1,93788E+13
GNDI;INTERMEDICA;SAÚDE;SERVIÇOS MÉDICO - HOSPITALARES, ANÁLISES E DIAGNÓSTICOS;SERVIÇOS MÉDICO - HOSPITALARES, ANÁLISES E DIAGNÓSTICOS;GNDI3;19.853.511/0001-84;1,98535E+13
ODPV;ODONTOPREV;SAÚDE;SERVIÇOS MÉDICO - HOSPITALARES, ANÁLISES E DIAGNÓSTICOS;SERVIÇOS MÉDICO - HOSPITALARES, ANÁLISES E DIAGNÓSTICOS;ODPV3;58.119.199/0001-51;5,81192E+13
QUAL;QUALICORP;SAÚDE;SERVIÇOS MÉDICO - HOSPITALARES, ANÁLISES E DIAGNÓSTICOS;SERVIÇOS MÉDICO - HOSPITALARES, ANÁLISES E DIAGNÓSTICOS;QUAL3;11.992.680/0001-93;1,19927E+13
BALM;BAUMER;SAÚDE;EQUIPAMENTOS;EQUIPAMENTOS;BALM4, BALM3;61.374.161/0001-30;6,13742E+13
LMED;LIFEMED;SAÚDE;EQUIPAMENTOS;EQUIPAMENTOS;LMED3;02.357.251/0001-53;2,35725E+12
PNVL;DIMED;SAÚDE;COMÉRCIO E DISTRIBUIÇÃO;MEDICAMENTOS E OUTROS PRODUTOS;PNVL4, PNVL3;92.665.611/0001-77;9,26656E+13
HYPE;HYPERA;SAÚDE;COMÉRCIO E DISTRIBUIÇÃO;MEDICAMENTOS E OUTROS PRODUTOS;HYPE3;02.932.074/0001-91;2,93207E+12
PFRM;PROFARMA;SAÚDE;COMÉRCIO E DISTRIBUIÇÃO;MEDICAMENTOS E OUTROS PRODUTOS;PFRM3;45.453.214/0001-51;4,54532E+13
RADL;RAIADROGASIL;SAÚDE;COMÉRCIO E DISTRIBUIÇÃO;MEDICAMENTOS E OUTROS PRODUTOS;RADL3;61.585.865/0001-51;6,15859E+13
POSI;POSITIVO TEC;TECNOLOGIA DA INFORMAÇÃO;COMPUTADORES E EQUIPAMENTOS;COMPUTADORES E EQUIPAMENTOS;POSI3;81.243.735/0001-48;8,12437E+13
BRQB;BRQ;TECNOLOGIA DA INFORMAÇÃO;PROGRAMAS E SERVIÇOS;PROGRAMAS E SERVIÇOS;BRQB3;36.542.025/0001-64;3,6542E+13
LINX;LINX;TECNOLOGIA DA INFORMAÇÃO;PROGRAMAS E SERVIÇOS;PROGRAMAS E SERVIÇOS;LINX3;06.948.969/0001-75;6,94897E+12
LWSA;LOCAWEB;TECNOLOGIA DA INFORMAÇÃO;PROGRAMAS E SERVIÇOS;PROGRAMAS E SERVIÇOS;LWSA3;02.351.877/0001-52;2,35188E+12
QUSW;QUALITY SOFT;TECNOLOGIA DA INFORMAÇÃO;PROGRAMAS E SERVIÇOS;PROGRAMAS E SERVIÇOS;QUSW3;35.791.391/0001-94;3,57914E+13
SQIA;SINQIA;TECNOLOGIA DA INFORMAÇÃO;PROGRAMAS E SERVIÇOS;PROGRAMAS E SERVIÇOS;SQIA3;04.065.791/0001-99;4,06579E+12
TOTS;TOTVS;TECNOLOGIA DA INFORMAÇÃO;PROGRAMAS E SERVIÇOS;PROGRAMAS E SERVIÇOS;TOTS3;53.113.791/0001-22;5,31138E+13
ALGT;ALGAR TELEC;COMUNICAÇÕES;TELECOMUNICAÇÕES;TELECOMUNICAÇÕES;null;null;null
OIBR;OI;COMUNICAÇÕES;TELECOMUNICAÇÕES;TELECOMUNICAÇÕES;OIBR4, OIBR3;76.535.764/0001-43;7,65358E+13
TELB;TELEBRAS;COMUNICAÇÕES;TELECOMUNICAÇÕES;TELECOMUNICAÇÕES;TELB4, TELB3;00.336.701/0001-04;3,36701E+11
VIVT;TELEF BRASIL;COMUNICAÇÕES;TELECOMUNICAÇÕES;TELECOMUNICAÇÕES;VIVT3, VIVT4;02.558.157/0001-62;2,55816E+12
TIMP;TIM PART S/A;COMUNICAÇÕES;TELECOMUNICAÇÕES;TELECOMUNICAÇÕES;TIMP3;02.558.115/0001-21;2,55812E+12
CNSY;CINESYSTEM;COMUNICAÇÕES;MÍDIA;PRODUÇÃO E DIFUSÃO DE FILMES E PROGRAMAS;CNSY3;07.437.016/0001-05;7,43702E+12
AESL;AES SUL;UTILIDADE PÚBLICA;ENERGIA ELÉTRICA;ENERGIA ELÉTRICA;null;null;null
TIET;AES TIETE E;UTILIDADE PÚBLICA;ENERGIA ELÉTRICA;ENERGIA ELÉTRICA;TIET11, TIET3, TIET4;04.128.563/0001-10;4,12856E+12
AFLT;AFLUENTE T;UTILIDADE PÚBLICA;ENERGIA ELÉTRICA;ENERGIA ELÉTRICA;AFLT3;10.338.320/0001-00;1,03383E+13
ALUP;ALUPAR;UTILIDADE PÚBLICA;ENERGIA ELÉTRICA;ENERGIA ELÉTRICA;ALUP11, ALUP3, ALUP4;08.364.948/0001-38;8,36495E+12
CBEE;AMPLA ENERG;UTILIDADE PÚBLICA;ENERGIA ELÉTRICA;ENERGIA ELÉTRICA;CBEE3;33.050.071/0001-58;3,30501E+13
CPTE;CACHOEIRA;UTILIDADE PÚBLICA;ENERGIA ELÉTRICA;ENERGIA ELÉTRICA;null;null;null
CEBR;CEB;UTILIDADE PÚBLICA;ENERGIA ELÉTRICA;ENERGIA ELÉTRICA;CEBR6, CEBR5, CEBR3;00.070.698/0001-11;70698000111
CEED;CEEE-D;UTILIDADE PÚBLICA;ENERGIA ELÉTRICA;ENERGIA ELÉTRICA;CEED4, CEED3;08.467.115/0001-00;8,46712E+12
EEEL;CEEE-GT;UTILIDADE PÚBLICA;ENERGIA ELÉTRICA;ENERGIA ELÉTRICA;EEEL4, EEEL3;92.715.812/0001-31;9,27158E+13
CLSC;CELESC;UTILIDADE PÚBLICA;ENERGIA ELÉTRICA;ENERGIA ELÉTRICA;CLSC4, CLSC3;83.878.892/0001-55;8,38789E+13
GPAR;CELGPAR;UTILIDADE PÚBLICA;ENERGIA ELÉTRICA;ENERGIA ELÉTRICA;GPAR3;08.560.444/0001-93;8,56044E+12
CEPE;CELPE;UTILIDADE PÚBLICA;ENERGIA ELÉTRICA;ENERGIA ELÉTRICA;CEPE5, CEPE3;10.835.932/0001-08;1,08359E+13
CMIG;CEMIG;UTILIDADE PÚBLICA;ENERGIA ELÉTRICA;ENERGIA ELÉTRICA;CMIG4, CMIG3;17.155.730/0001-64;1,71557E+13
CMGD;CEMIG DIST;UTILIDADE PÚBLICA;ENERGIA ELÉTRICA;ENERGIA ELÉTRICA;null;null;null
CMGT;CEMIG GT;UTILIDADE PÚBLICA;ENERGIA ELÉTRICA;ENERGIA ELÉTRICA;null;null;null
CESP;CESP;UTILIDADE PÚBLICA;ENERGIA ELÉTRICA;ENERGIA ELÉTRICA;CESP6, CESP5, CESP3;60.933.603/0001-78;6,09336E+13
CEEB;COELBA;UTILIDADE PÚBLICA;ENERGIA ELÉTRICA;ENERGIA ELÉTRICA;CEEB3, CEEB5, CEEB6;15.139.629/0001-94;1,51396E+13
COCE;COELCE;UTILIDADE PÚBLICA;ENERGIA ELÉTRICA;ENERGIA ELÉTRICA;COCE6, COCE5, COCE3;07.047.251/0001-70;7,04725E+12
CPLE;COPEL;UTILIDADE PÚBLICA;ENERGIA ELÉTRICA;ENERGIA ELÉTRICA;CPLE6, CPLE5, CPLE3;76.483.817/0001-20;7,64838E+13
CSRN;COSERN;UTILIDADE PÚBLICA;ENERGIA ELÉTRICA;ENERGIA ELÉTRICA;CSRN3, CSRN5, CSRN6;08.324.196/0001-81;8,3242E+12
CPFE;CPFL ENERGIA;UTILIDADE PÚBLICA;ENERGIA ELÉTRICA;ENERGIA ELÉTRICA;CPFE3;02.429.144/0001-93;2,42914E+12
CPFG;CPFL GERACAO;UTILIDADE PÚBLICA;ENERGIA ELÉTRICA;ENERGIA ELÉTRICA;null;null;null
CPFP;CPFL PIRATIN;UTILIDADE PÚBLICA;ENERGIA ELÉTRICA;ENERGIA ELÉTRICA;null;null;null
CPRE;CPFL RENOVAV;UTILIDADE PÚBLICA;ENERGIA ELÉTRICA;ENERGIA ELÉTRICA;CPRE3;08.439.659/0001-50;8,43966E+12
EBEN;EBE;UTILIDADE PÚBLICA;ENERGIA ELÉTRICA;ENERGIA ELÉTRICA;null;null;null
EKTR;ELEKTRO;UTILIDADE PÚBLICA;ENERGIA ELÉTRICA;ENERGIA ELÉTRICA;EKTR3, EKTR4;02.328.280/0001-97;2,32828E+12
ELET;ELETROBRAS;UTILIDADE PÚBLICA;ENERGIA ELÉTRICA;ENERGIA ELÉTRICA;ELET3, ELET5, ELET6;00.001.180/0001-26;1180000126
LIPR;ELETROPAR;UTILIDADE PÚBLICA;ENERGIA ELÉTRICA;ENERGIA ELÉTRICA;LIPR3;01.104.937/0001-70;1,10494E+12
EMAE;EMAE;UTILIDADE PÚBLICA;ENERGIA ELÉTRICA;ENERGIA ELÉTRICA;EMAE3, EMAE4;02.302.101/0001-42;2,3021E+12
ENBR;ENERGIAS BR;UTILIDADE PÚBLICA;ENERGIA ELÉTRICA;ENERGIA ELÉTRICA;ENBR3;03.983.431/0001-03;3,98343E+12
ENGI;ENERGISA;UTILIDADE PÚBLICA;ENERGIA ELÉTRICA;ENERGIA ELÉTRICA;ENGI11, ENGI3, ENGI4;00.864.214/0001-06;8,64214E+11
ENMT;ENERGISA MT;UTILIDADE PÚBLICA;ENERGIA ELÉTRICA;ENERGIA ELÉTRICA;ENMT3, ENMT4;03.467.321/0001-99;3,46732E+12
ENER;ENERSUL;UTILIDADE PÚBLICA;ENERGIA ELÉTRICA;ENERGIA ELÉTRICA;null;null;null
ENEV;ENEVA;UTILIDADE PÚBLICA;ENERGIA ELÉTRICA;ENERGIA ELÉTRICA;ENEV3;04.423.567/0001-21;4,42357E+12
EGIE;ENGIE BRASIL;UTILIDADE PÚBLICA;ENERGIA ELÉTRICA;ENERGIA ELÉTRICA;EGIE3;02.474.103/0001-19;2,4741E+12
EQPA;EQTL PARA;UTILIDADE PÚBLICA;ENERGIA ELÉTRICA;ENERGIA ELÉTRICA;EQPA3, EQPA5, EQPA6, EQPA7;04.895.728/0001-80;4,89573E+12
EQMA;EQTLMARANHAO;UTILIDADE PÚBLICA;ENERGIA ELÉTRICA;ENERGIA ELÉTRICA;null;null;null
EQTL;EQUATORIAL;UTILIDADE PÚBLICA;ENERGIA ELÉTRICA;ENERGIA ELÉTRICA;EQTL3;03.220.438/0001-73;3,22044E+12
ESCE;ESCELSA;UTILIDADE PÚBLICA;ENERGIA ELÉTRICA;ENERGIA ELÉTRICA;null;null;null
FGEN;FGENERGIA;UTILIDADE PÚBLICA;ENERGIA ELÉTRICA;ENERGIA ELÉTRICA;null;null;null
GEPA;GER PARANAP;UTILIDADE PÚBLICA;ENERGIA ELÉTRICA;ENERGIA ELÉTRICA;GEPA3, GEPA4;02.998.301/0001-81;2,9983E+12
ITPB;ITAPEBI;UTILIDADE PÚBLICA;ENERGIA ELÉTRICA;ENERGIA ELÉTRICA;null;null;null
LIGH;LIGHT;UTILIDADE PÚBLICA;ENERGIA ELÉTRICA;ENERGIA ELÉTRICA;null;null;null
LIGT;LIGHT S/A;UTILIDADE PÚBLICA;ENERGIA ELÉTRICA;ENERGIA ELÉTRICA;LIGT3;03.378.521/0001-75;3,37852E+12
NEOE;NEOENERGIA;UTILIDADE PÚBLICA;ENERGIA ELÉTRICA;ENERGIA ELÉTRICA;NEOE3;01.083.200/0001-18;1,0832E+12
OMGE;OMEGA GER;UTILIDADE PÚBLICA;ENERGIA ELÉTRICA;ENERGIA ELÉTRICA;OMGE3;09.149.503/0001-06;9,1495E+12
PALF;PAUL F LUZ;UTILIDADE PÚBLICA;ENERGIA ELÉTRICA;ENERGIA ELÉTRICA;null;null;null
PRMN;PROMAN;UTILIDADE PÚBLICA;ENERGIA ELÉTRICA;ENERGIA ELÉTRICA;PRMN3B;02.291.077/0001-93;2,29108E+12
REDE;REDE ENERGIA;UTILIDADE PÚBLICA;ENERGIA ELÉTRICA;ENERGIA ELÉTRICA;REDE3;61.584.140/0001-49;6,15841E+13
RNEW;RENOVA;UTILIDADE PÚBLICA;ENERGIA ELÉTRICA;ENERGIA ELÉTRICA;RNEW11, RNEW4, RNEW3;08.534.605/0001-74;8,53461E+12
STKF;STATKRAFT;UTILIDADE PÚBLICA;ENERGIA ELÉTRICA;ENERGIA ELÉTRICA;STKF3;00.622.416/0001-41;6,22416E+11
STEN;STO ANTONIO;UTILIDADE PÚBLICA;ENERGIA ELÉTRICA;ENERGIA ELÉTRICA;null;null;null
TAEE;TAESA;UTILIDADE PÚBLICA;ENERGIA ELÉTRICA;ENERGIA ELÉTRICA;TAEE11, TAEE3, TAEE4;07.859.971/0001-30;7,85997E+12
TMPE;TERMOPE;UTILIDADE PÚBLICA;ENERGIA ELÉTRICA;ENERGIA ELÉTRICA;null;null;null
TEPE;TERM. PE III;UTILIDADE PÚBLICA;ENERGIA ELÉTRICA;ENERGIA ELÉTRICA;null;null;null
TRPL;TRAN PAULIST;UTILIDADE PÚBLICA;ENERGIA ELÉTRICA;ENERGIA ELÉTRICA;TRPL3, TRPL4;02.998.611/0001-04;2,99861E+12
UPKP;UPTICK;UTILIDADE PÚBLICA;ENERGIA ELÉTRICA;ENERGIA ELÉTRICA;UPKP3B;02.162.616/0001-94;2,16262E+12
CASN;CASAN;UTILIDADE PÚBLICA;ÁGUA E SANEAMENTO;ÁGUA E SANEAMENTO;CASN4, CASN3;82.508.433/0001-17;8,25084E+13
CSMG;COPASA;UTILIDADE PÚBLICA;ÁGUA E SANEAMENTO;ÁGUA E SANEAMENTO;CSMG3;17.281.106/0001-03;1,72811E+13
IGSN;IGUA SA;UTILIDADE PÚBLICA;ÁGUA E SANEAMENTO;ÁGUA E SANEAMENTO;IGSN3;08.159.965/0001-33;8,15997E+12
SBSP;SABESP;UTILIDADE PÚBLICA;ÁGUA E SANEAMENTO;ÁGUA E SANEAMENTO;SBSP3;43.776.517/0001-80;4,37765E+13
SAPR;SANEPAR;UTILIDADE PÚBLICA;ÁGUA E SANEAMENTO;ÁGUA E SANEAMENTO;SAPR4, SAPR3, SAPR11;76.484.013/0001-45;7,6484E+13
SNST;SANESALTO;UTILIDADE PÚBLICA;ÁGUA E SANEAMENTO;ÁGUA E SANEAMENTO;null;null;null
CEGR;CEG;UTILIDADE PÚBLICA;GÁS;GÁS;CEGR3;33.938.119/0001-69;3,39381E+13
CGAS;COMGAS;UTILIDADE PÚBLICA;GÁS;GÁS;CGAS3, CGAS5;61.856.571/0001-17;6,18566E+13
ABCB;ABC BRASIL;FINANCEIRO;INTERMEDIÁRIOS FINANCEIROS;BANCOS;ABCB4;28.195.667/0001-06;2,81957E+13
RPAD;ALFA HOLDING;FINANCEIRO;INTERMEDIÁRIOS FINANCEIROS;BANCOS;RPAD3, RPAD5, RPAD6;17.167.396/0001-69;1,71674E+13
BRIV;ALFA INVEST;FINANCEIRO;INTERMEDIÁRIOS FINANCEIROS;BANCOS;BRIV3, BRIV4;60.770.336/0001-65;6,07703E+13
BAZA;AMAZONIA;FINANCEIRO;INTERMEDIÁRIOS FINANCEIROS;BANCOS;BAZA3;04.902.979/0001-44;4,90298E+12
BMGB;BANCO BMG;FINANCEIRO;INTERMEDIÁRIOS FINANCEIROS;BANCOS;BMGB4;61.186.680/0001-74;6,11867E+13
BIDI;BANCO INTER;FINANCEIRO;INTERMEDIÁRIOS FINANCEIROS;BANCOS;BIDI3, BIDI11, BIDI4;00.416.968/0001-01;4,16968E+11
BPAN;BANCO PAN;FINANCEIRO;INTERMEDIÁRIOS FINANCEIROS;BANCOS;BPAN4;59.285.411/0001-13;5,92854E+13
BGIP;BANESE;FINANCEIRO;INTERMEDIÁRIOS FINANCEIROS;BANCOS;BGIP3, BGIP4;13.009.717/0001-46;1,30097E+13
BEES;BANESTES;FINANCEIRO;INTERMEDIÁRIOS FINANCEIROS;BANCOS;BEES3, BEES4;28.127.603/0001-78;2,81276E+13
BPAR;BANPARA;FINANCEIRO;INTERMEDIÁRIOS FINANCEIROS;BANCOS;BPAR3;04.913.711/0001-08;4,91371E+12
BRSR;BANRISUL;FINANCEIRO;INTERMEDIÁRIOS FINANCEIROS;BANCOS;BRSR6, BRSR5, BRSR3;92.702.067/0001-96;9,27021E+13
BBDC;BRADESCO;FINANCEIRO;INTERMEDIÁRIOS FINANCEIROS;BANCOS;BBDC4, BBDC3;60.746.948/0001-12;6,07469E+13
BBAS;BRASIL;FINANCEIRO;INTERMEDIÁRIOS FINANCEIROS;BANCOS;BBAS11, BBAS12, BBAS3;00.000.000/0001-91;191
BSLI;BRB BANCO;FINANCEIRO;INTERMEDIÁRIOS FINANCEIROS;BANCOS;BSLI4, BSLI3;00.000.208/0001-00;208000100
BPAC;BTGP BANCO;FINANCEIRO;INTERMEDIÁRIOS FINANCEIROS;BANCOS;BPAC11, BPAC3, BPAC5;30.306.294/0001-45;3,03063E+13
IDVL;INDUSVAL;FINANCEIRO;INTERMEDIÁRIOS FINANCEIROS;BANCOS;IDVL3, IDVL4;61.024.352/0001-71;6,10244E+13
ITSA;ITAUSA;FINANCEIRO;INTERMEDIÁRIOS FINANCEIROS;BANCOS;ITSA3, ITSA4;61.532.644/0001-15;6,15326E+13
ITUB;ITAUUNIBANCO;FINANCEIRO;INTERMEDIÁRIOS FINANCEIROS;BANCOS;ITUB3, ITUB4;60.872.504/0001-23;6,08725E+13
BMEB;MERC BRASIL;FINANCEIRO;INTERMEDIÁRIOS FINANCEIROS;BANCOS;BMEB3, BMEB4;17.184.037/0001-10;1,7184E+13
BMIN;MERC INVEST;FINANCEIRO;INTERMEDIÁRIOS FINANCEIROS;BANCOS;BMIN3, BMIN4;34.169.557/0001-72;3,41696E+13
BNBR;NORD BRASIL;FINANCEIRO;INTERMEDIÁRIOS FINANCEIROS;BANCOS;BNBR3;07.237.373/0001-20;7,23737E+12
PRBC;PARANA;FINANCEIRO;INTERMEDIÁRIOS FINANCEIROS;BANCOS;null;null;null
PINE;PINE;FINANCEIRO;INTERMEDIÁRIOS FINANCEIROS;BANCOS;PINE3, PINE4;62.144.175/0001-20;6,21442E+13
SANB;SANTANDER BR;FINANCEIRO;INTERMEDIÁRIOS FINANCEIROS;BANCOS;SANB4, SANB3, SANB11;90.400.888/0001-42;9,04009E+13
CRIV;ALFA FINANC;FINANCEIRO;INTERMEDIÁRIOS FINANCEIROS;SOC. CRÉDITO E FINANCIAMENTO;CRIV3, CRIV4;17.167.412/0001-13;1,71674E+13
FNCN;FINANSINOS;FINANCEIRO;INTERMEDIÁRIOS FINANCEIROS;SOC. CRÉDITO E FINANCIAMENTO;FNCN3;91.669.747/0001-92;9,16697E+13
MERC;MERC FINANC;FINANCEIRO;INTERMEDIÁRIOS FINANCEIROS;SOC. CRÉDITO E FINANCIAMENTO;MERC3, MERC4;33.040.601/0001-87;3,30406E+13
BDLS;BRADESCO LSG;FINANCEIRO;INTERMEDIÁRIOS FINANCEIROS;SOC. ARRENDAMENTO MERCANTIL;null;null;null
BVLS;BV LEASING;FINANCEIRO;INTERMEDIÁRIOS FINANCEIROS;SOC. ARRENDAMENTO MERCANTIL;null;null;null
DBEN;DIBENS LSG;FINANCEIRO;INTERMEDIÁRIOS FINANCEIROS;SOC. ARRENDAMENTO MERCANTIL;null;null;null
BZRS;BRAZIL REALT;FINANCEIRO;SECURITIZADORAS DE RECEBÍVEIS;SECURITIZADORAS DE RECEBÍVEIS;null;null;null
BSCS;BRAZILIAN SC;FINANCEIRO;SECURITIZADORAS DE RECEBÍVEIS;SECURITIZADORAS DE RECEBÍVEIS;null;null;null
BRCS;BRC SECURIT;FINANCEIRO;SECURITIZADORAS DE RECEBÍVEIS;SECURITIZADORAS DE RECEBÍVEIS;null;null;null
WTVR;BRPR 56 SEC;FINANCEIRO;SECURITIZADORAS DE RECEBÍVEIS;SECURITIZADORAS DE RECEBÍVEIS;null;null;null
CBSC;CIBRASEC;FINANCEIRO;SECURITIZADORAS DE RECEBÍVEIS;SECURITIZADORAS DE RECEBÍVEIS;null;null;null
ECOA;ECO SEC AGRO;FINANCEIRO;SECURITIZADORAS DE RECEBÍVEIS;SECURITIZADORAS DE RECEBÍVEIS;null;null;null
GAFL;GAIA AGRO;FINANCEIRO;SECURITIZADORAS DE RECEBÍVEIS;SECURITIZADORAS DE RECEBÍVEIS;GAFL-CRA02B0;14.876.090/0001-93;1,48761E+13
GAIA;GAIA SECURIT;FINANCEIRO;SECURITIZADORAS DE RECEBÍVEIS;SECURITIZADORAS DE RECEBÍVEIS;null;null;null
OCTS;OCTANTE SEC;FINANCEIRO;SECURITIZADORAS DE RECEBÍVEIS;SECURITIZADORAS DE RECEBÍVEIS;null;null;null
PDGS;PDG SECURIT;FINANCEIRO;SECURITIZADORAS DE RECEBÍVEIS;SECURITIZADORAS DE RECEBÍVEIS;null;null;null
PLSC;POLO CAP SEC;FINANCEIRO;SECURITIZADORAS DE RECEBÍVEIS;SECURITIZADORAS DE RECEBÍVEIS;null;null;null
RBRA;RBCAPITALRES;FINANCEIRO;SECURITIZADORAS DE RECEBÍVEIS;SECURITIZADORAS DE RECEBÍVEIS;null;null;null
APCS;TRUESEC;FINANCEIRO;SECURITIZADORAS DE RECEBÍVEIS;SECURITIZADORAS DE RECEBÍVEIS;APCS-CRI05B0;12.130.744/0001-00;1,21307E+13
VERT;VERTCIASEC;FINANCEIRO;SECURITIZADORAS DE RECEBÍVEIS;SECURITIZADORAS DE RECEBÍVEIS;null;null;null
WTPI;WTORRE PIC;FINANCEIRO;SECURITIZADORAS DE RECEBÍVEIS;SECURITIZADORAS DE RECEBÍVEIS;null;null;null
BNDP;BNDESPAR;FINANCEIRO;SERVIÇOS FINANCEIROS DIVERSOS;GESTÃO DE RECURSOS E INVESTIMENTOS;null;null;null
BFRE;BRAZILIAN FR;FINANCEIRO;SERVIÇOS FINANCEIROS DIVERSOS;GESTÃO DE RECURSOS E INVESTIMENTOS;null;null;null
GPIV;GP INVEST;FINANCEIRO;SERVIÇOS FINANCEIROS DIVERSOS;GESTÃO DE RECURSOS E INVESTIMENTOS;GPIV33;07.857.850/0001-50;7,85785E+12
IDNT;IDEIASNET;FINANCEIRO;SERVIÇOS FINANCEIROS DIVERSOS;GESTÃO DE RECURSOS E INVESTIMENTOS;IDNT3;02.365.069/0001-44;2,36507E+12
PPLA;PPLA;FINANCEIRO;SERVIÇOS FINANCEIROS DIVERSOS;GESTÃO DE RECURSOS E INVESTIMENTOS;PPLA11;15.073.274/0001-88;1,50733E+13
B3SA;B3;FINANCEIRO;SERVIÇOS FINANCEIROS DIVERSOS;SERVIÇOS FINANCEIROS DIVERSOS;B3SA3;09.346.601/0001-25;9,3466E+12
CIEL;CIELO;FINANCEIRO;SERVIÇOS FINANCEIROS DIVERSOS;SERVIÇOS FINANCEIROS DIVERSOS;CIEL3;01.027.058/0001-91;1,02706E+12
BRGE;ALFA CONSORC;FINANCEIRO;PREVIDÊNCIA E SEGUROS;SEGURADORAS;BRGE11, BRGE12, BRGE3, BRGE5, BRGE6, BRGE7, BRGE8;17.193.806/0001-46;1,71938E+13
BBSE;BBSEGURIDADE;FINANCEIRO;PREVIDÊNCIA E SEGUROS;SEGURADORAS;BBSE3;17.344.597/0001-94;1,73446E+13
IRBR;IRBBRASIL RE;FINANCEIRO;PREVIDÊNCIA E SEGUROS;SEGURADORAS;IRBR3;33.376.989/0001-91;3,3377E+13
PSSA;PORTO SEGURO;FINANCEIRO;PREVIDÊNCIA E SEGUROS;SEGURADORAS;PSSA3;02.149.205/0001-69;2,14921E+12
CSAB;SEG AL BAHIA;FINANCEIRO;PREVIDÊNCIA E SEGUROS;SEGURADORAS;CSAB3, CSAB4;15.144.017/0001-90;1,5144E+13
SULA;SUL AMERICA;FINANCEIRO;PREVIDÊNCIA E SEGUROS;SEGURADORAS;SULA11, SULA3, SULA4;29.978.814/0001-87;2,99788E+13
APER;ALPER S.A.;FINANCEIRO;PREVIDÊNCIA E SEGUROS;CORRETORAS DE SEGUROS;APER3;11.721.921/0001-60;1,17219E+13
WIZS;WIZ S.A.;FINANCEIRO;PREVIDÊNCIA E SEGUROS;CORRETORAS DE SEGUROS;WIZS3;42.278.473/0001-03;4,22785E+13
ALSO;ALIANSCSONAE;FINANCEIRO;EXPLORAÇÃO DE IMÓVEIS;EXPLORAÇÃO DE IMÓVEIS;ALSO3;05.878.397/0001-32;5,8784E+12
BRML;BR MALLS PAR;FINANCEIRO;EXPLORAÇÃO DE IMÓVEIS;EXPLORAÇÃO DE IMÓVEIS;BRML3;06.977.745/0001-91;6,97775E+12
BRPR;BR PROPERT;FINANCEIRO;EXPLORAÇÃO DE IMÓVEIS;EXPLORAÇÃO DE IMÓVEIS;BRPR3;06.977.751/0001-49;6,97775E+12
CORR;COR RIBEIRO;FINANCEIRO;EXPLORAÇÃO DE IMÓVEIS;EXPLORAÇÃO DE IMÓVEIS;CORR3, CORR4;15.101.405/0001-93;1,51014E+13
CCPR;CYRE COM-CCP;FINANCEIRO;EXPLORAÇÃO DE IMÓVEIS;EXPLORAÇÃO DE IMÓVEIS;CCPR3;08.801.621/0001-86;8,80162E+12
GSHP;GENERALSHOPP;FINANCEIRO;EXPLORAÇÃO DE IMÓVEIS;EXPLORAÇÃO DE IMÓVEIS;GSHP3;08.764.621/0001-53;8,76462E+12
HBTS;HABITASUL;FINANCEIRO;EXPLORAÇÃO DE IMÓVEIS;EXPLORAÇÃO DE IMÓVEIS;HBTS3, HBTS5, HBTS6;87.762.563/0001-03;8,77626E+13
IGBR;IGB S/A;FINANCEIRO;EXPLORAÇÃO DE IMÓVEIS;EXPLORAÇÃO DE IMÓVEIS;IGBR3;43.185.362/0001-07;4,31854E+13
IGTA;IGUATEMI;FINANCEIRO;EXPLORAÇÃO DE IMÓVEIS;EXPLORAÇÃO DE IMÓVEIS;IGTA3;51.218.147/0001-93;5,12181E+13
JPSA;JEREISSATI;FINANCEIRO;EXPLORAÇÃO DE IMÓVEIS;EXPLORAÇÃO DE IMÓVEIS;JPSA3;60.543.816/0001-93;6,05438E+13
LOGG;LOG COM PROP;FINANCEIRO;EXPLORAÇÃO DE IMÓVEIS;EXPLORAÇÃO DE IMÓVEIS;LOGG3;09.041.168/0001-10;9,04117E+12
MNZC;MENEZES CORT;FINANCEIRO;EXPLORAÇÃO DE IMÓVEIS;EXPLORAÇÃO DE IMÓVEIS;MNZC3B;02.664.042/0001-52;2,66404E+12
MULT;MULTIPLAN;FINANCEIRO;EXPLORAÇÃO DE IMÓVEIS;EXPLORAÇÃO DE IMÓVEIS;MULT3;07.816.890/0001-53;7,81689E+12
SCAR;SAO CARLOS;FINANCEIRO;EXPLORAÇÃO DE IMÓVEIS;EXPLORAÇÃO DE IMÓVEIS;SCAR3;29.780.061/0001-09;2,97801E+13
BBRK;BR BROKERS;FINANCEIRO;EXPLORAÇÃO DE IMÓVEIS;INTERMEDIAÇÃO IMOBILIÁRIA;BBRK3;08.613.550/0001-98;8,61355E+12
LPSB;LOPES BRASIL;FINANCEIRO;EXPLORAÇÃO DE IMÓVEIS;INTERMEDIAÇÃO IMOBILIÁRIA;LPSB3;08.078.847/0001-09;8,07885E+12
MOAR;MONT ARANHA;FINANCEIRO;HOLDINGS DIVERSIFICADAS;HOLDINGS DIVERSIFICADAS;MOAR3;33.102.476/0001-92;3,31025E+13
PEAB;PAR AL BAHIA;FINANCEIRO;HOLDINGS DIVERSIFICADAS;HOLDINGS DIVERSIFICADAS;PEAB3, PEAB4;01.938.783/0001-11;1,93878E+12
SPRI;SPRINGER;FINANCEIRO;HOLDINGS DIVERSIFICADAS;HOLDINGS DIVERSIFICADAS;SPRI3, SPRI5, SPRI6;92.929.520/0001-00;9,29295E+13
CTBA;CEPAC - CTBA;FINANCEIRO;OUTROS TÍTULOS;OUTROS TÍTULOS;null;null;null
MCRJ;CEPAC - MCRJ;FINANCEIRO;OUTROS TÍTULOS;OUTROS TÍTULOS;null;null;null
PMSP;CEPAC - PMSP;FINANCEIRO;OUTROS TÍTULOS;OUTROS TÍTULOS;null;null;null
QVQP;524 PARTICIP;OUTROS;OUTROS;OUTROS;QVQP3B;01.851.771/0001-55;1,85177E+12
ALEF;ALEF S/A;OUTROS;OUTROS;OUTROS;ALEF3B;02.217.319/0001-07;2,21732E+12
ATOM;ATOMPAR;OUTROS;OUTROS;OUTROS;ATOM3;00.359.742/0001-08;3,59742E+11
BETP;BETAPART;OUTROS;OUTROS;OUTROS;BETP3B;02.762.124/0001-30;2,76212E+12
CABI;CABINDA PART;OUTROS;OUTROS;OUTROS;CABI3B;04.030.182/0001-02;4,03018E+12
CACO;CACONDE PART;OUTROS;OUTROS;OUTROS;CACO3B;04.031.213/0001-31;4,03121E+12
CPTP;CAPITALPART;OUTROS;OUTROS;OUTROS;null;null;null
MAPT;CEMEPE;OUTROS;OUTROS;OUTROS;MAPT4, MAPT3;93.828.986/0001-73;9,3829E+13
CMSA;CIMS;OUTROS;OUTROS;OUTROS;CMSA3, CMSA4;00.272.185/0001-93;2,72185E+11
OPGM;GAMA PART;OUTROS;OUTROS;OUTROS;OPGM3B;02.796.775/0001-40;2,79678E+12
FIGE;INVEST BEMGE;OUTROS;OUTROS;OUTROS;FIGE3, FIGE4;01.548.981/0001-79;1,54898E+12
JBDU;J B DUARTE;OUTROS;OUTROS;OUTROS;JBDU3, JBDU4;60.637.238/0001-54;6,06372E+13
SPRT;LONGDIS;OUTROS;OUTROS;OUTROS;null;null;null
MGIP;MGI PARTICIP;OUTROS;OUTROS;OUTROS;null;null;null
OPHE;OPPORT ENERG;OUTROS;OUTROS;OUTROS;OPHE3B;02.318.346/0001-68;2,31835E+12
PPAR;POLPAR;OUTROS;OUTROS;OUTROS;PPAR3;59.789.545/0001-71;5,97895E+13
PRPT;PROMPT PART;OUTROS;OUTROS;OUTROS;PRPT3B;02.992.449/0001-09;2,99245E+12
SLCT;SELECTPART;OUTROS;OUTROS;OUTROS;SLCT3B;02.604.860/0001-60;2,60486E+12
OPSE;SUDESTE S/A;OUTROS;OUTROS;OUTROS;OPSE3B;02.062.747/0001-08;2,06275E+12
OPTS;SUL 116 PART;OUTROS;OUTROS;OUTROS;OPTS3B;01.957.772/0001-89;1,95777E+12
RRRP;3R PETROLEUM;PETRÓLEO. GÁS E BIOCOMBUSTÍVEIS;PETRÓLEO. GÁS E BIOCOMBUSTÍVEIS;EXPLORAÇÃO. REFINO E DISTRIBUIÇÃO;RRRP3;12.091.809/0001-55;1,20918E+13
AERI;AERIS;BENS INDUSTRIAIS;MÁQUINAS E EQUIPAMENTOS;MÁQ. E EQUIP. INDUSTRIAIS;AERI3;12.528.708/0001-07;1,25287E+13
ALLD;ALLIED;CONSUMO CÍCLICO;COMÉRCIO;ELETRODOMÉSTICOS;ALLD3;20.247.322/0001-47;2,02473E+13
ALPK;ESTAPAR;BENS INDUSTRIAIS;SERVIÇOS;SERVIÇOS DIVERSOS;ALPK3;60.537.263/0001-66;6,05373E+13
AVLL;ALPHAVILLE;CONSUMO CÍCLICO;CONSTRUÇÃO CIVIL;INCORPORAÇÕES;AVLL3;16.811.931/0001-00;1,68119E+13
AMBP;AMBIPAR;UTILIDADE PÚBLICA;ÁGUA E SANEAMENTO;ÁGUA E SANEAMENTO;AMBP3;12.648.266/0001-24;1,26483E+13
AURA;AURA 360;MATERIAIS BÁSICOS;MINERAÇÃO;MINERAIS METÁLICOS;AURA33;07.857.093/0001-14;7,85709E+12
BOAS;BOA VISTA;FINANCEIRO;SERVIÇOS FINANCEIROS DIVERSOS;SERVIÇOS FINANCEIROS DIVERSOS;BOAS3;11.725.176/0001-27;1,17252E+13
CURY;CURY S/A;CONSUMO CÍCLICO;CONSTRUÇÃO CIVIL;INCORPORAÇÕES;CURY3;08.797.760/0001-83;8,79776E+12
DMVF;D1000VFARMA;SAÚDE;COMÉRCIO E DISTRIBUIÇÃO;MEDICAMENTOS E OUTROS PRODUTOS;DMVF3;12.108.897/0001-50;1,21089E+13
ENJU;ENJOEI;TECNOLOGIA DA INFORMAÇÃO;PROGRAMAS E SERVIÇOS;PROGRAMAS E SERVIÇOS;ENJU3;16.922.038/0001-51;1,6922E+13
SOMA;GRUPO SOMA;CONSUMO CÍCLICO;COMÉRCIO;TECIDOS, VESTUÁRIO E CALÇADOS;SOMA3;10.285.590/0001-08;1,02856E+13
GMAT;GRUPO MATEUS;CONSUMO NÃO CÍCLICO;COMÉRCIO E DISTRIBUIÇÃO;ALIMENTOS;GMAT3;24.990.777/0001-09;2,49908E+13
HBRE;HBR REALTY;FINANCEIRO;EXPLORAÇÃO DE IMÓVEIS;EXPLORAÇÃO DE IMÓVEIS;HBRE3;14.785.152/0001-51;1,47852E+13
LAVV;LAVVI;CONSUMO CÍCLICO;CONSTRUÇÃO CIVIL;INCORPORAÇÕES;LAVV3;26.462.693/0001-28;2,64627E+13
LJQQ;QUERO-QUERO;CONSUMO CÍCLICO;COMÉRCIO;PRODUTOS DIVERSOS;LJQQ3;96.418.264/0218-02;9,64183E+13
CASH;MELIUZ;TECNOLOGIA DA INFORMAÇÃO;PROGRAMAS E SERVIÇOS;PROGRAMAS E SERVIÇOS;CASH3;14.110.585/0001-07;1,41106E+13
MELK;MELNICK;CONSUMO CÍCLICO;CONSTRUÇÃO CIVIL;INCORPORAÇÕES;MELK3;12.181.987/0001-77;1,2182E+13
NGRD;NEOGRID;TECNOLOGIA DA INFORMAÇÃO;PROGRAMAS E SERVIÇOS;PROGRAMAS E SERVIÇOS;NGRD3;10.139.870/0001-08;1,01399E+13
PETZ;PETZ;CONSUMO CÍCLICO;COMÉRCIO;PRODUTOS DIVERSOS;PETZ3;18.328.118/0001-09;1,83281E+13
PLPL;PLANOEPLANO;CONSUMO CÍCLICO;CONSTRUÇÃO CIVIL;INCORPORAÇÕES;PLPL3;24.230.275/0001-80;2,42303E+13
RDOR;REDE D OR;SAÚDE;SERVIÇOS MÉDICO - HOSPITALARES, ANÁLISES E DIAGNÓSTICOS;SERVIÇOS MÉDICO - HOSPITALARES, ANÁLISES E DIAGNÓSTICOS;RDOR3;06.047.087/0001-39;6,04709E+12
ASAI;ASSAI;CONSUMO NÃO CÍCLICO;COMÉRCIO E DISTRIBUIÇÃO;ALIMENTOS;ASAI3;06.057.223/0001-71;6,05722E+12
SEQL;SEQUOIA LOG;BENS INDUSTRIAIS;SERVIÇOS;SERVIÇOS DIVERSOS;SEQL3;01.599.101/0001-93;1,5991E+12
SIMH;SIMPAR;FINANCEIRO;HOLDINGS DIVERSIFICADAS;HOLDINGS DIVERSIFICADAS;SIMH3;07.415.333/0001-20;7,41533E+12
TIMS;TIM;COMUNICAÇÕES;TELECOMUNICAÇÕES;TELECOMUNICAÇÕES;TIMS3;02.421.421/0001-11;2,42142E+12
TFCO;TRACK FIELD;CONSUMO CÍCLICO;TECIDOS, VESTUÁRIO E CALÇADOS;VESTUÁRIO;TFCO4;59.418.806/0001-47;5,94188E+13
CSED;CRUZEIRO EDU;CONSUMO CÍCLICO;DIVERSOS;SERVIÇOS EDUCACIONAIS;CSED3;62.984.091/0001-02;6,29841E+13
CMIN;CSNMINERACAO;MATERIAIS BÁSICOS;MINERAÇÃO;MINERAIS METÁLICOS;CMIN3;08.902.291/0001-15;8,90229E+12
DESK;DESKTOP;COMUNICAÇÕES;TELECOMUNICAÇÕES;TELECOMUNICAÇÕES;DESK3;08.170.849/0001-15;8,17085E+12
DOTZ;DOTZ SA;CONSUMO CÍCLICO;DIVERSOS;PROGRAMAS DE FIDELIZAÇÃO;DOTZ3;18.174.270/0001-84;1,81743E+13
ELMD;ELETROMIDIA;COMUNICAÇÕES;MÍDIA;PUBLICIDADE E PROPAGANDA;ELMD3;09.347.516/0001-81;9,34752E+12
POWE;FOCUS ON;UTILIDADE PÚBLICA;ENERGIA ELÉTRICA;ENERGIA ELÉTRICA;POWE3;26.735.020/0001-02;2,6735E+13
G2DI;G2D INVEST;FINANCEIRO;SERVIÇOS FINANCEIROS DIVERSOS;GESTÃO DE RECURSOS E INVESTIMENTOS;G2DI33;38.307.135/0001-77;3,83071E+13
NINJ;GETNINJAS;TECNOLOGIA DA INFORMAÇÃO;PROGRAMAS E SERVIÇOS;PROGRAMAS E SERVIÇOS;NINJ3;14.127.813/0001-51;1,41278E+13
GGPS;GPS;BENS INDUSTRIAIS;SERVIÇOS;SERVIÇOS DIVERSOS;GGPS3;09.229.201/0001-30;9,2292E+12
MATD;MATER DEI;SAÚDE;SERVIÇOS MÉDICO - HOSPITALARES, ANÁLISES E DIAGNÓSTICOS;SERVIÇOS MÉDICO - HOSPITALARES, ANÁLISES E DIAGNÓSTICOS;MATD3;16.676.520/0001-59;1,66765E+13
AESB;AES BRASIL;UTILIDADE PÚBLICA;ENERGIA ELÉTRICA;ENERGIA ELÉTRICA;AESB3;37.663.076/0001-07;3,76631E+13
AGXY;AGROGALAXY;CONSUMO NÃO CÍCLICO;AGROPECUÁRIA;AGRICULTURA;AGXY3;21.240.146/0001-84;2,12401E+13
ARML;ARMAC;CONSUMO CÍCLICO;DIVERSOS;ALUGUEL DE CARROS;ARML3;00.242.184/0001-04;2,42184E+11
MODL;MODALMAIS;FINANCEIRO;INTERMEDIÁRIOS FINANCEIROS;BANCOS;MODL3, MODL4, MODL11;30.723.886/0001-62;3,07239E+13
BMOB;BEMOBI TECH;TECNOLOGIA DA INFORMAÇÃO;PROGRAMAS E SERVIÇOS;PROGRAMAS E SERVIÇOS;BMOB3;09.042.817/0001-05;9,04282E+12
SOJA;BOA SAFRA;CONSUMO CÍCLICO;AGROPECUÁRIA;AGRICULTURA;SOJA3;10.807.374/0001-77;1,08074E+13
BRBI;BR PARTNERS;FINANCEIRO;INTERMEDIÁRIOS FINANCEIROS;BANCOS;BRBI11;10.739.356/0001-03;1,07394E+13
BRIT;BRISANET;COMUNICAÇÕES;TELECOMUNICAÇÕES;TELECOMUNICAÇÕES;BRIT3;19.796.586/0001-70;1,97966E+13
CLSA;CLEARSALE;FINANCEIRO;SERVIÇOS FINANCEIROS DIVERSOS;SERVIÇOS FINANCEIROS DIVERSOS;CLSA3;03.802.115/0001-98;3,80212E+12
CBAV;CBA;MATERIAIS BÁSICOS;MINERAÇÃO;MINERAIS METÁLICOS;CBAV3;61.409.892/0001-73;6,14099E+13
GRAO;AGRIBRASIL;CONSUMO NÃO CÍCLICO;AGROPECUÁRIA;AGRICULTURA;GRAO3;18.483.666/0001-03;1,84837E+13
IFCM;INFRACOMM;TECNOLOGIA DA INFORMAÇÃO;PROGRAMAS E SERVIÇOS;PROGRAMAS E SERVIÇOS;IFCM3;38.456.921/0001-36;3,84569E+13
INTB;INTELBRAS;TECNOLOGIA DA INFORMAÇÃO;COMPUTADORES E EQUIPAMENTOS;COMPUTADORES E EQUIPAMENTOS;INTB3;82.901.000/0001-27;8,2901E+13
JALL;JALLESMACHAD;CONSUMO NÃO CÍCLICO;ALIMENTOS PROCESSADOS;AÇUCAR E ALCOOL;JALL3;02.635.522/0001-95;2,63552E+12
KLAS;KALLAS;CONSUMO CÍCLICO;CONSTRUÇÃO CIVIL;INCORPORAÇÕES;KLAS3;09.146.451/0001-06;9,14645E+12
KRSA;KORA SAUDE;SAÚDE;SERVIÇOS MÉDICO - HOSPITALARES, ANÁLISES E DIAGNÓSTICOS;SERVIÇOS MÉDICO - HOSPITALARES, ANÁLISES E DIAGNÓSTICOS;KRSA3;13.270.520/0001-66;1,32705E+13
LVTC;WDC NETWORKS;TECNOLOGIA DA INFORMAÇÃO;PROGRAMAS E SERVIÇOS;PROGRAMAS E SERVIÇOS;LVTC3;05.917.486/0001-40;5,91749E+12
LLBI;LE BISCUIT;CONSUMO CÍCLICO;COMÉRCIO;PRODUTOS DIVERSOS;LLBI3, LLBI4;16.233.389/0001-55;1,62334E+13
MBLY;MOBLY;TECNOLOGIA DA INFORMAÇÃO;PROGRAMAS E SERVIÇOS;PROGRAMAS E SERVIÇOS;MBLY3;31.553.627/0001-01;3,15536E+13
MOSI;MOSAICO;TECNOLOGIA DA INFORMAÇÃO;PROGRAMAS E SERVIÇOS;PROGRAMAS E SERVIÇOS;MOSI3;09.083.175/0001-84;9,08318E+12
ESPA;ESPACOLASER;CONSUMO CÍCLICO;COMÉRCIO;PRODUTOS DIVERSOS;ESPA3;26.659.061/0001-59;2,66591E+13
MLAS;MULTILASER;TECNOLOGIA DA INFORMAÇÃO;COMPUTADORES E EQUIPAMENTOS;COMPUTADORES E EQUIPAMENTOS;MLAS3;59.717.553/0001-02;5,97176E+13
OPCT;OCEANPACT;PETRÓLEO, GÁS E BIOCOMBUSTÍVEIS;PETRÓLEO, GÁS E BIOCOMBUSTÍVEIS;EQUIPAMENTOS E SERVIÇOS;OPCT3;09.114.805/0001-30;9,11481E+12
ONCO;ONCOCLINICAS;SAÚDE;SERVIÇOS MÉDICO - HOSPITALARES, ANÁLISES E DIAGNÓSTICOS;SERVIÇOS MÉDICO - HOSPITALARES, ANÁLISES E DIAGNÓSTICOS;ONCO3;12.104.241/0004-02;1,21042E+13
ORVR;ORIZON;UTILIDADE PÚBLICA;ÁGUA E SANEAMENTO;ÁGUA E SANEAMENTO;ORVR3;11.421.994/0001-36;1,1422E+13
RECV;PETRORECSA;PETRÓLEO, GÁS E BIOCOMBUSTÍVEIS;PETRÓLEO, GÁS E BIOCOMBUSTÍVEIS;EXPLORAÇÃO, REFINO E DISTRIBUIÇÃO;RECV3;03.342.704/0001-30;3,3427E+12
RAIZ;RAIZEN;CONSUMO NÃO CÍCLICO;AGROPECUÁRIA;AGRICULTURA;RAIZ4;33.453.598/0001-23;3,34536E+13
RBNS;RODOBENS;BENS INDUSTRIAIS;COMÉRCIO;MATERIAL DE TRANSPORTE;RBNS11;59.981.829/0001-65;5,99818E+13
TRAD;TC;TECNOLOGIA DA INFORMAÇÃO;PROGRAMAS E SERVIÇOS;PROGRAMAS E SERVIÇOS;TRAD3;26.345.998/0001-50;2,6346E+13
TEGA;TEGRA INCORP;CONSUMO CÍCLICO;CONSTRUÇÃO CIVIL;INCORPORAÇÕES;TEGA3;30.213.493/0001-09;3,02135E+13
LAND;TERRASANTAPA;CONSUMO NÃO CÍCLICO;AGROPECUÁRIA;AGRICULTURA;LAND3;40.337.136/0001-06;4,03371E+13
TTEN;3TENTOS;CONSUMO NÃO CÍCLICO;AGROPECUÁRIA;AGRICULTURA;TTEN3;94.813.102/0001-70;9,48131E+13
FIQE;UNIFIQUE;COMUNICAÇÕES;TELECOMUNICAÇÕES;TELECOMUNICAÇÕES;FIQE3;02.255.187/0001-08;2,25519E+12
WEST;WESTWING;TECNOLOGIA DA INFORMAÇÃO;PROGRAMAS E SERVIÇOS;PROGRAMAS E SERVIÇOS;WEST3;14.776.142/0001-50;1,47761E+13
